0,CountryName,Date,ConfirmedCases,ConfirmedDeaths,StringencyIndex
5502,Colombia,1/1/2020,0,0,0
5503,Colombia,1/2/2020,0,0,0
5504,Colombia,1/3/2020,0,0,0
5505,Colombia,1/4/2020,0,0,0
5506,Colombia,1/5/2020,0,0,0
5507,Colombia,1/6/2020,0,0,0
5508,Colombia,1/7/2020,0,0,0
5509,Colombia,1/8/2020,0,0,0
5510,Colombia,1/9/2020,0,0,0
5511,Colombia,1/10/2020,0,0,0
5512,Colombia,1/11/2020,0,0,0
5513,Colombia,1/12/2020,0,0,0
5514,Colombia,1/13/2020,0,0,0
5515,Colombia,1/14/2020,0,0,0
5516,Colombia,1/15/2020,0,0,0
5517,Colombia,1/16/2020,0,0,0
5518,Colombia,1/17/2020,0,0,0
5519,Colombia,1/18/2020,0,0,0
5520,Colombia,1/19/2020,0,0,0
5521,Colombia,1/20/2020,0,0,0
5522,Colombia,1/21/2020,0,0,8.33
5523,Colombia,1/22/2020,0,0,8.33
5524,Colombia,1/23/2020,0,0,8.33
5525,Colombia,1/24/2020,0,0,8.33
5526,Colombia,1/25/2020,0,0,8.33
5527,Colombia,1/26/2020,0,0,8.33
5528,Colombia,1/27/2020,0,0,8.33
5529,Colombia,1/28/2020,0,0,8.33
5530,Colombia,1/29/2020,0,0,8.33
5531,Colombia,1/30/2020,0,0,8.33
5532,Colombia,1/31/2020,0,0,8.33
5533,Colombia,2/1/2020,0,0,8.33
5534,Colombia,2/2/2020,0,0,8.33
5535,Colombia,2/3/2020,0,0,8.33
5536,Colombia,2/4/2020,0,0,8.33
5537,Colombia,2/5/2020,0,0,8.33
5538,Colombia,2/6/2020,0,0,8.33
5539,Colombia,2/7/2020,0,0,8.33
5540,Colombia,2/8/2020,0,0,8.33
5541,Colombia,2/9/2020,0,0,8.33
5542,Colombia,2/10/2020,0,0,8.33
5543,Colombia,2/11/2020,0,0,8.33
5544,Colombia,2/12/2020,0,0,8.33
5545,Colombia,2/13/2020,0,0,8.33
5546,Colombia,2/14/2020,0,0,8.33
5547,Colombia,2/15/2020,0,0,8.33
5548,Colombia,2/16/2020,0,0,8.33
5549,Colombia,2/17/2020,0,0,8.33
5550,Colombia,2/18/2020,0,0,8.33
5551,Colombia,2/19/2020,0,0,8.33
5552,Colombia,2/20/2020,0,0,8.33
5553,Colombia,2/21/2020,0,0,8.33
5554,Colombia,2/22/2020,0,0,8.33
5555,Colombia,2/23/2020,0,0,8.33
5556,Colombia,2/24/2020,0,0,12.04
5557,Colombia,2/25/2020,0,0,12.04
5558,Colombia,2/26/2020,0,0,12.04
5559,Colombia,2/27/2020,0,0,12.04
5560,Colombia,2/28/2020,0,0,12.04
5561,Colombia,2/29/2020,0,0,12.04
5562,Colombia,3/1/2020,0,0,12.04
5563,Colombia,3/2/2020,0,0,12.04
5564,Colombia,3/3/2020,0,0,12.04
5565,Colombia,3/4/2020,0,0,12.04
5566,Colombia,3/5/2020,0,0,12.04
5567,Colombia,3/6/2020,1,0,12.04
5568,Colombia,3/7/2020,1,0,12.04
5569,Colombia,3/8/2020,1,0,12.04
5570,Colombia,3/9/2020,1,0,14.81
5572,Colombia,3/10/2020,3,0,14.81
5573,Colombia,3/11/2020,9,0,14.81
5574,Colombia,3/12/2020,9,0,34.26
5575,Colombia,3/13/2020,13,0,34.26
5576,Colombia,3/14/2020,22,0,34.26
5577,Colombia,3/15/2020,34,0,34.26
5578,Colombia,3/16/2020,54,0,45.37
5579,Colombia,3/17/2020,65,0,50.93
5580,Colombia,3/18/2020,93,0,50.93
5581,Colombia,3/19/2020,102,0,50.93
5582,Colombia,3/20/2020,128,0,50.93
5583,Colombia,3/21/2020,196,0,50.93
5584,Colombia,3/22/2020,231,2,50.93
5585,Colombia,3/23/2020,277,3,53.7
5586,Colombia,3/24/2020,378,3,53.7
5587,Colombia,3/25/2020,470,4,87.96
5588,Colombia,3/26/2020,491,6,87.96
5589,Colombia,3/27/2020,539,6,87.96
5590,Colombia,3/28/2020,608,6,87.96
5591,Colombia,3/29/2020,702,10,87.96
5592,Colombia,3/30/2020,798,12,87.96
5593,Colombia,3/31/2020,906,16,87.96
5594,Colombia,4/1/2020,1065,17,87.96
5595,Colombia,4/2/2020,1161,19,87.96
5596,Colombia,4/3/2020,1267,25,87.96
5597,Colombia,4/4/2020,1406,32,87.96
5598,Colombia,4/5/2020,1485,35,87.96
5599,Colombia,4/6/2020,1579,46,87.96
5600,Colombia,4/7/2020,1780,50,87.96
5601,Colombia,4/8/2020,2054,54,87.96
5602,Colombia,4/9/2020,2223,69,87.96
5603,Colombia,4/10/2020,2473,80,87.96
5604,Colombia,4/11/2020,2709,100,87.96
5605,Colombia,4/12/2020,2776,109,87.96
5606,Colombia,4/13/2020,2852,112,87.96
5607,Colombia,4/14/2020,2979,127,84.26
5608,Colombia,4/15/2020,3105,131,84.26
5609,Colombia,4/16/2020,3233,144,84.26
5610,Colombia,4/17/2020,3439,153,84.26
5611,Colombia,4/18/2020,3439,153,84.26
5612,Colombia,4/19/2020,3792,179,84.26
5613,Colombia,4/20/2020,3977,189,84.26
5614,Colombia,4/21/2020,4149,196,84.26
5615,Colombia,4/22/2020,4356,206,84.26
5616,Colombia,4/23/2020,4561,215,84.26
5617,Colombia,4/24/2020,4881,225,87.04
5618,Colombia,4/25/2020,5142,233,87.04
5619,Colombia,4/26/2020,5379,244,87.04
5620,Colombia,4/27/2020,5597,253,90.74
5621,Colombia,4/28/2020,5949,269,90.74
5622,Colombia,4/29/2020,6207,278,90.74
5623,Colombia,4/30/2020,6507,293,90.74
5624,Colombia,5/1/2020,7006,314,90.74
5625,Colombia,5/2/2020,7285,324,90.74
5626,Colombia,5/3/2020,7668,340,90.74
5627,Colombia,5/4/2020,7973,358,90.74
5628,Colombia,5/5/2020,8613,378,90.74
5629,Colombia,5/6/2020,8959,397,87.04
5630,Colombia,5/7/2020,9456,407,87.04
5631,Colombia,5/8/2020,10051,428,87.04
5632,Colombia,5/9/2020,10495,445,87.04
5633,Colombia,5/10/2020,11063,463,87.04
5634,Colombia,5/11/2020,11613,479,87.04
5635,Colombia,5/12/2020,12272,493,87.04
5636,Colombia,5/13/2020,12930,509,87.04
5637,Colombia,5/14/2020,13610,525,87.04
5638,Colombia,5/15/2020,14216,546,87.04
5639,Colombia,5/16/2020,14939,562,87.04
5640,Colombia,5/17/2020,15574,574,87.04
5641,Colombia,5/18/2020,16295,592,87.04
5642,Colombia,5/19/2020,16935,613,87.04
5643,Colombia,5/20/2020,17687,630,87.04
5644,Colombia,5/21/2020,18330,652,87.04
5645,Colombia,5/22/2020,19131,682,87.04
5646,Colombia,5/23/2020,20177,705,87.04
5647,Colombia,5/24/2020,21175,727,87.04
5648,Colombia,5/25/2020,21981,750,87.04
5649,Colombia,5/26/2020,23003,776,87.04
5650,Colombia,5/27/2020,24104,803,87.04
5651,Colombia,5/28/2020,24141,833,87.04
5652,Colombia,5/29/2020,25406,855,87.04
5653,Colombia,5/30/2020,26734,891,87.04
5654,Colombia,5/31/2020,27219,916,87.04
6418,Germany,1/1/2020,0,0,0
6419,Germany,1/2/2020,0,0,0
6420,Germany,1/3/2020,0,0,0
6421,Germany,1/4/2020,0,0,0
6422,Germany,1/5/2020,0,0,0
6423,Germany,1/6/2020,0,0,0
6424,Germany,1/7/2020,0,0,0
6425,Germany,1/8/2020,0,0,0
6426,Germany,1/9/2020,0,0,0
6427,Germany,1/10/2020,0,0,0
6428,Germany,1/11/2020,0,0,0
6429,Germany,1/12/2020,0,0,0
6430,Germany,1/13/2020,0,0,0
6431,Germany,1/14/2020,0,0,0
6432,Germany,1/15/2020,0,0,0
6433,Germany,1/16/2020,0,0,0
6434,Germany,1/17/2020,0,0,0
6435,Germany,1/18/2020,0,0,0
6436,Germany,1/19/2020,0,0,0
6437,Germany,1/20/2020,0,0,0
6438,Germany,1/21/2020,0,0,0
6439,Germany,1/22/2020,0,0,0
6440,Germany,1/23/2020,0,0,0
6441,Germany,1/24/2020,0,0,5.56
6442,Germany,1/25/2020,0,0,5.56
6443,Germany,1/26/2020,0,0,5.56
6444,Germany,1/27/2020,1,0,5.56
6445,Germany,1/28/2020,4,0,5.56
6446,Germany,1/29/2020,4,0,5.56
6447,Germany,1/30/2020,4,0,5.56
6448,Germany,1/31/2020,5,0,5.56
6449,Germany,2/1/2020,8,0,5.56
6450,Germany,2/2/2020,10,0,5.56
6451,Germany,2/3/2020,12,0,5.56
6452,Germany,2/4/2020,12,0,5.56
6453,Germany,2/5/2020,12,0,5.56
6454,Germany,2/6/2020,12,0,5.56
6455,Germany,2/7/2020,13,0,5.56
6456,Germany,2/8/2020,13,0,5.56
6457,Germany,2/9/2020,14,0,5.56
6458,Germany,2/10/2020,14,0,5.56
6459,Germany,2/11/2020,16,0,5.56
6460,Germany,2/12/2020,16,0,11.11
6461,Germany,2/13/2020,16,0,11.11
6462,Germany,2/14/2020,16,0,11.11
6463,Germany,2/15/2020,16,0,11.11
6464,Germany,2/16/2020,16,0,11.11
6465,Germany,2/17/2020,16,0,11.11
6466,Germany,2/18/2020,16,0,11.11
6467,Germany,2/19/2020,16,0,11.11
6468,Germany,2/20/2020,16,0,11.11
6469,Germany,2/21/2020,16,0,11.11
6470,Germany,2/22/2020,16,0,11.11
6471,Germany,2/23/2020,16,0,11.11
6472,Germany,2/24/2020,16,0,11.11
6473,Germany,2/25/2020,17,0,11.11
6474,Germany,2/26/2020,27,0,16.67
6475,Germany,2/27/2020,46,0,16.67
6476,Germany,2/28/2020,48,0,19.44
6477,Germany,2/29/2020,79,0,25
6478,Germany,3/1/2020,130,0,25
6479,Germany,3/2/2020,159,0,25
6480,Germany,3/3/2020,196,0,25
6481,Germany,3/4/2020,262,0,25
6482,Germany,3/5/2020,482,0,25
6483,Germany,3/6/2020,670,0,25
6484,Germany,3/7/2020,799,0,25
6485,Germany,3/8/2020,1040,0,25
6486,Germany,3/9/2020,1176,2,28.7
6487,Germany,3/10/2020,1457,2,32.87
6488,Germany,3/11/2020,1908,3,32.87
6489,Germany,3/12/2020,2078,3,32.87
6490,Germany,3/13/2020,3675,7,32.87
6491,Germany,3/14/2020,4585,9,32.87
6492,Germany,3/15/2020,5795,11,32.87
6493,Germany,3/16/2020,7272,17,42.13
6494,Germany,3/17/2020,9257,24,42.13
6495,Germany,3/18/2020,12327,28,52.31
6496,Germany,3/19/2020,15320,44,55.09
6497,Germany,3/20/2020,19848,67,57.87
6498,Germany,3/21/2020,22213,84,68.06
6499,Germany,3/22/2020,24873,94,73.15
6500,Germany,3/23/2020,29056,123,73.15
6501,Germany,3/24/2020,32986,157,73.15
6502,Germany,3/25/2020,37323,206,73.15
6503,Germany,3/26/2020,43938,267,73.15
6504,Germany,3/27/2020,50871,342,73.15
6505,Germany,3/28/2020,57695,433,73.15
6506,Germany,3/29/2020,62095,533,73.15
6507,Germany,3/30/2020,66885,645,73.15
6508,Germany,3/31/2020,71808,775,73.15
6509,Germany,4/1/2020,77872,920,73.15
6510,Germany,4/2/2020,84794,1107,73.15
6511,Germany,4/3/2020,91159,1275,73.15
6512,Germany,4/4/2020,96092,1444,73.15
6513,Germany,4/5/2020,100123,1584,73.15
6514,Germany,4/6/2020,103374,1810,73.15
6515,Germany,4/7/2020,107663,2016,73.15
6516,Germany,4/8/2020,113296,2349,73.15
6517,Germany,4/9/2020,118181,2607,73.15
6518,Germany,4/10/2020,122171,2767,73.15
6519,Germany,4/11/2020,124908,2736,73.15
6520,Germany,4/12/2020,127854,3022,73.15
6521,Germany,4/13/2020,130072,3194,73.15
6522,Germany,4/14/2020,131359,3294,73.15
6523,Germany,4/15/2020,134753,3804,73.15
6524,Germany,4/16/2020,137698,4052,73.15
6525,Germany,4/17/2020,141397,4352,73.15
6526,Germany,4/18/2020,143342,4459,73.15
6527,Germany,4/19/2020,145184,4586,73.15
6528,Germany,4/20/2020,147065,4862,73.15
6529,Germany,4/21/2020,148291,5033,73.15
6530,Germany,4/22/2020,150648,5279,73.15
6531,Germany,4/23/2020,153129,5575,73.15
6532,Germany,4/24/2020,154999,5760,73.15
6533,Germany,4/25/2020,156513,5877,73.15
6534,Germany,4/26/2020,157770,5976,73.15
6535,Germany,4/27/2020,158758,6126,73.15
6536,Germany,4/28/2020,159912,6314,73.15
6537,Germany,4/29/2020,161539,6467,73.15
6538,Germany,4/30/2020,163009,6623,73.15
6539,Germany,5/1/2020,164077,6736,73.15
6540,Germany,5/2/2020,164967,6812,73.15
6541,Germany,5/3/2020,165664,6866,73.15
6542,Germany,5/4/2020,166152,6993,68.06
6543,Germany,5/5/2020,167007,6993,68.06
6544,Germany,5/6/2020,168162,7275,62.5
6545,Germany,5/7/2020,169430,7392,60.65
6546,Germany,5/8/2020,170588,7510,64.35
6547,Germany,5/9/2020,171324,7549,64.35
6548,Germany,5/10/2020,171879,7569,64.35
6549,Germany,5/11/2020,172576,7661,64.35
6550,Germany,5/12/2020,173171,7738,64.35
6551,Germany,5/13/2020,174098,7861,64.35
6552,Germany,5/14/2020,174478,7884,64.35
6553,Germany,5/15/2020,175233,7897,64.35
6554,Germany,5/16/2020,175752,7938,61.57
6555,Germany,5/17/2020,176369,7962,61.57
6556,Germany,5/18/2020,176551,8003,62.96
6557,Germany,5/19/2020,177778,8081,52.78
6558,Germany,5/20/2020,178473,8144,52.78
6559,Germany,5/21/2020,179021,8203,52.78
6560,Germany,5/22/2020,179710,8228,52.78
6561,Germany,5/23/2020,179986,8261,52.78
6562,Germany,5/24/2020,180328,8283,52.78
6563,Germany,5/25/2020,180600,8309,50
6564,Germany,5/26/2020,181200,8372,50
6565,Germany,5/27/2020,181524,8428,50
6566,Germany,5/28/2020,182196,8470,50
6567,Germany,5/29/2020,182922,8504,50
6568,Germany,5/30/2020,183189,8530,50
6569,Germany,5/31/2020,183410,8540,50
10992,India,1/1/2020,0,0,0
10993,India,1/2/2020,0,0,0
10994,India,1/3/2020,0,0,0
10995,India,1/4/2020,0,0,0
10996,India,1/5/2020,0,0,0
10997,India,1/6/2020,0,0,0
10998,India,1/7/2020,0,0,0
10999,India,1/8/2020,0,0,0
11000,India,1/9/2020,0,0,0
11001,India,1/10/2020,0,0,0
11002,India,1/11/2020,0,0,0
11003,India,1/12/2020,0,0,0
11004,India,1/13/2020,0,0,0
11005,India,1/14/2020,0,0,0
11006,India,1/15/2020,0,0,0
11007,India,1/16/2020,0,0,0
11008,India,1/17/2020,0,0,0
11009,India,1/18/2020,0,0,0
11010,India,1/19/2020,0,0,0
11011,India,1/20/2020,0,0,0
11012,India,1/21/2020,0,0,0
11013,India,1/22/2020,0,0,0
11014,India,1/23/2020,0,0,0
11015,India,1/24/2020,0,0,0
11016,India,1/25/2020,0,0,5.56
11017,India,1/26/2020,0,0,10.19
11018,India,1/27/2020,0,0,10.19
11019,India,1/28/2020,0,0,10.19
11020,India,1/29/2020,0,0,10.19
11021,India,1/30/2020,1,0,10.19
11022,India,1/31/2020,1,0,10.19
11023,India,2/1/2020,1,0,10.19
11024,India,2/2/2020,2,0,10.19
11025,India,2/3/2020,3,0,10.19
11026,India,2/4/2020,3,0,10.19
11027,India,2/5/2020,3,0,10.19
11028,India,2/6/2020,3,0,10.19
11029,India,2/7/2020,3,0,10.19
11030,India,2/8/2020,3,0,10.19
11031,India,2/9/2020,3,0,10.19
11032,India,2/10/2020,3,0,10.19
11033,India,2/11/2020,3,0,10.19
11034,India,2/12/2020,3,0,10.19
11035,India,2/13/2020,3,0,10.19
11036,India,2/14/2020,3,0,10.19
11037,India,2/15/2020,3,0,10.19
11038,India,2/16/2020,3,0,10.19
11039,India,2/17/2020,3,0,10.19
11040,India,2/18/2020,3,0,10.19
11041,India,2/19/2020,3,0,10.19
11042,India,2/20/2020,3,0,10.19
11043,India,2/21/2020,3,0,10.19
11044,India,2/22/2020,3,0,10.19
11045,India,2/23/2020,3,0,10.19
11046,India,2/24/2020,3,0,10.19
11047,India,2/25/2020,3,0,10.19
11048,India,2/26/2020,3,0,10.19
11049,India,2/27/2020,3,0,10.19
11050,India,2/28/2020,3,0,10.19
11051,India,2/29/2020,3,0,10.19
11052,India,3/1/2020,3,0,10.19
11053,India,3/2/2020,5,0,10.19
11054,India,3/3/2020,5,0,10.19
11055,India,3/4/2020,28,0,15.74
11056,India,3/5/2020,30,0,26.85
11057,India,3/6/2020,31,0,26.85
11058,India,3/7/2020,34,0,26.85
11059,India,3/8/2020,39,0,26.85
11060,India,3/9/2020,43,0,26.85
11061,India,3/10/2020,56,0,26.85
11062,India,3/11/2020,62,1,26.85
11063,India,3/12/2020,73,1,26.85
11064,India,3/13/2020,82,2,33.33
11065,India,3/14/2020,102,2,36.11
11066,India,3/15/2020,113,2,38.89
11067,India,3/16/2020,119,2,48.15
11068,India,3/17/2020,142,3,48.15
11069,India,3/18/2020,156,3,50
11070,India,3/19/2020,194,4,59.72
11071,India,3/20/2020,244,5,70.83
11072,India,3/21/2020,330,4,76.39
11073,India,3/22/2020,396,7,100
11074,India,3/23/2020,499,10,86.57
11075,India,3/24/2020,536,10,86.57
11076,India,3/25/2020,657,12,100
11077,India,3/26/2020,727,20,100
11078,India,3/27/2020,887,20,100
11079,India,3/28/2020,987,24,100
11080,India,3/29/2020,1024,27,100
11081,India,3/30/2020,1251,32,100
11082,India,3/31/2020,1397,35,100
11083,India,4/1/2020,1998,58,100
11084,India,4/2/2020,2543,72,100
11085,India,4/3/2020,2567,72,100
11086,India,4/4/2020,3082,86,100
11087,India,4/5/2020,3588,99,100
11088,India,4/6/2020,4778,136,100
11089,India,4/7/2020,5311,150,100
11090,India,4/8/2020,5916,178,100
11091,India,4/9/2020,6725,226,100
11092,India,4/10/2020,7598,246,100
11093,India,4/11/2020,8446,288,100
11094,India,4/12/2020,9205,331,100
11095,India,4/13/2020,10453,358,100
11096,India,4/14/2020,11487,393,100
11097,India,4/15/2020,12322,405,100
11098,India,4/16/2020,13430,448,100
11099,India,4/17/2020,14352,486,100
11100,India,4/18/2020,15722,521,100
11101,India,4/19/2020,17615,559,100
11102,India,4/20/2020,18539,592,96.3
11103,India,4/21/2020,20080,645,96.3
11104,India,4/22/2020,21370,681,96.3
11105,India,4/23/2020,23077,721,96.3
11106,India,4/24/2020,24530,780,96.3
11107,India,4/25/2020,26283,825,96.3
11108,India,4/26/2020,27890,881,96.3
11109,India,4/27/2020,29451,939,96.3
11110,India,4/28/2020,31324,1008,96.3
11111,India,4/29/2020,33062,1079,96.3
11112,India,4/30/2020,34863,1154,96.3
11113,India,5/1/2020,37257,1223,96.3
11114,India,5/2/2020,39699,1323,96.3
11115,India,5/3/2020,42505,1391,96.3
11116,India,5/4/2020,46437,1566,81.94
11117,India,5/5/2020,49400,1693,81.94
11118,India,5/6/2020,52987,1785,81.94
11119,India,5/7/2020,56351,1889,81.94
11120,India,5/8/2020,59695,1985,81.94
11121,India,5/9/2020,62808,2101,81.94
11122,India,5/10/2020,67161,2212,81.94
11123,India,5/11/2020,70768,2294,81.94
11124,India,5/12/2020,74292,2415,81.94
11125,India,5/13/2020,78055,2551,81.94
11126,India,5/14/2020,81997,2649,81.94
11127,India,5/15/2020,85784,2753,81.94
11128,India,5/16/2020,90648,2871,81.94
11129,India,5/17/2020,95698,3025,81.94
11130,India,5/18/2020,100328,3156,79.17
11131,India,5/19/2020,106475,3302,79.17
11132,India,5/20/2020,112028,3434,79.17
11133,India,5/21/2020,118226,3584,79.17
11134,India,5/22/2020,124794,3726,79.17
11135,India,5/23/2020,131423,3868,79.17
11136,India,5/24/2020,138536,4024,79.17
11137,India,5/25/2020,144950,4172,79.17
11138,India,5/26/2020,150793,4344,79.17
11139,India,5/27/2020,158086,4534,79.17
11140,India,5/28/2020,165386,4711,79.17
11141,India,5/29/2020,173491,4980,79.17
11142,India,5/30/2020,181827,5185,79.17
11143,India,5/31/2020,190609,5408,79.17
11905,Italy,1/1/2020,0,0,0
11906,Italy,1/2/2020,0,0,0
11907,Italy,1/3/2020,0,0,0
11908,Italy,1/4/2020,0,0,0
11909,Italy,1/5/2020,0,0,0
11910,Italy,1/6/2020,0,0,0
11911,Italy,1/7/2020,0,0,0
11912,Italy,1/8/2020,0,0,0
11913,Italy,1/9/2020,0,0,0
11914,Italy,1/10/2020,0,0,0
11915,Italy,1/11/2020,0,0,0
11916,Italy,1/12/2020,0,0,0
11917,Italy,1/13/2020,0,0,0
11918,Italy,1/14/2020,0,0,0
11919,Italy,1/15/2020,0,0,0
11920,Italy,1/16/2020,0,0,0
11921,Italy,1/17/2020,0,0,0
11922,Italy,1/18/2020,0,0,0
11923,Italy,1/19/2020,0,0,0
11924,Italy,1/20/2020,0,0,0
11925,Italy,1/21/2020,0,0,0
11926,Italy,1/22/2020,0,0,0
11927,Italy,1/23/2020,0,0,2.78
11928,Italy,1/24/2020,0,0,2.78
11929,Italy,1/25/2020,0,0,2.78
11930,Italy,1/26/2020,0,0,2.78
11931,Italy,1/27/2020,0,0,2.78
11932,Italy,1/28/2020,0,0,2.78
11933,Italy,1/29/2020,0,0,2.78
11934,Italy,1/30/2020,0,0,8.33
11935,Italy,1/31/2020,2,0,19.44
11936,Italy,2/1/2020,2,0,19.44
11937,Italy,2/2/2020,2,0,19.44
11938,Italy,2/3/2020,2,0,19.44
11939,Italy,2/4/2020,2,0,19.44
11940,Italy,2/5/2020,2,0,19.44
11941,Italy,2/6/2020,2,0,19.44
11942,Italy,2/7/2020,3,0,19.44
11943,Italy,2/8/2020,3,0,19.44
11944,Italy,2/9/2020,3,0,19.44
11945,Italy,2/10/2020,3,0,19.44
11946,Italy,2/11/2020,3,0,19.44
11947,Italy,2/12/2020,3,0,19.44
11948,Italy,2/13/2020,3,0,19.44
11949,Italy,2/14/2020,3,0,19.44
11950,Italy,2/15/2020,3,0,19.44
11951,Italy,2/16/2020,3,0,19.44
11952,Italy,2/17/2020,3,0,19.44
11953,Italy,2/18/2020,3,0,19.44
11954,Italy,2/19/2020,3,0,19.44
11955,Italy,2/20/2020,3,0,19.44
11956,Italy,2/21/2020,20,1,27.78
11957,Italy,2/22/2020,62,2,37.04
11958,Italy,2/23/2020,155,3,69.91
11959,Italy,2/24/2020,229,7,69.91
11960,Italy,2/25/2020,322,10,69.91
11961,Italy,2/26/2020,453,12,69.91
11962,Italy,2/27/2020,655,17,69.91
11963,Italy,2/28/2020,888,21,69.91
11964,Italy,2/29/2020,1128,29,69.91
11965,Italy,3/1/2020,1694,34,69.91
11966,Italy,3/2/2020,2036,52,69.91
11967,Italy,3/3/2020,2502,79,69.91
11968,Italy,3/4/2020,3089,107,74.54
11969,Italy,3/5/2020,3858,148,74.54
11970,Italy,3/6/2020,4636,197,74.54
11971,Italy,3/7/2020,5883,233,74.54
11972,Italy,3/8/2020,7375,366,74.54
11973,Italy,3/9/2020,9172,463,74.54
11974,Italy,3/10/2020,10149,631,82.41
11975,Italy,3/11/2020,12462,827,85.19
11976,Italy,3/12/2020,15113,1016,85.19
11977,Italy,3/13/2020,17660,1266,85.19
11978,Italy,3/14/2020,21157,1441,85.19
11979,Italy,3/15/2020,24747,1809,85.19
11980,Italy,3/16/2020,27980,2158,85.19
11981,Italy,3/17/2020,31506,2503,85.19
11982,Italy,3/18/2020,35713,2978,85.19
11983,Italy,3/19/2020,41035,3405,85.19
11984,Italy,3/20/2020,47021,4032,91.67
11985,Italy,3/21/2020,53578,4825,91.67
11986,Italy,3/22/2020,59138,5476,91.67
11987,Italy,3/23/2020,63927,6077,91.67
11988,Italy,3/24/2020,69176,6820,91.67
11989,Italy,3/25/2020,74386,7503,91.67
11990,Italy,3/26/2020,80589,8215,91.67
11991,Italy,3/27/2020,86498,9134,91.67
11992,Italy,3/28/2020,92472,10023,91.67
11993,Italy,3/29/2020,97689,10779,91.67
11994,Italy,3/30/2020,101739,11591,91.67
11995,Italy,3/31/2020,105792,12428,91.67
11996,Italy,4/1/2020,110574,13155,91.67
11997,Italy,4/2/2020,115242,13915,91.67
11998,Italy,4/3/2020,119827,14681,91.67
11999,Italy,4/4/2020,124632,15362,91.67
12000,Italy,4/5/2020,128948,15887,91.67
12001,Italy,4/6/2020,132547,16523,91.67
12002,Italy,4/7/2020,135586,17127,91.67
12003,Italy,4/8/2020,139422,17669,91.67
12004,Italy,4/9/2020,143626,18279,91.67
12005,Italy,4/10/2020,147577,18849,87.96
12006,Italy,4/11/2020,152271,19468,87.96
12007,Italy,4/12/2020,156363,19899,93.52
12008,Italy,4/13/2020,159516,20465,93.52
12009,Italy,4/14/2020,162488,21067,93.52
12010,Italy,4/15/2020,165155,21645,93.52
12011,Italy,4/16/2020,168941,22170,93.52
12012,Italy,4/17/2020,172434,22745,93.52
12013,Italy,4/18/2020,175925,23227,93.52
12014,Italy,4/19/2020,178972,23660,93.52
12015,Italy,4/20/2020,181228,24114,93.52
12016,Italy,4/21/2020,183957,24648,93.52
12017,Italy,4/22/2020,187327,25085,93.52
12018,Italy,4/23/2020,189973,25549,93.52
12019,Italy,4/24/2020,192994,25969,93.52
12020,Italy,4/25/2020,195351,26384,93.52
12021,Italy,4/26/2020,197675,26644,93.52
12022,Italy,4/27/2020,199414,26977,93.52
12023,Italy,4/28/2020,201505,27359,93.52
12024,Italy,4/29/2020,203591,27682,93.52
12025,Italy,4/30/2020,205463,27967,93.52
12026,Italy,5/1/2020,207428,28236,93.52
12027,Italy,5/2/2020,209328,28710,93.52
12028,Italy,5/3/2020,210717,28884,93.52
12029,Italy,5/4/2020,211938,29079,62.96
12030,Italy,5/5/2020,213013,29315,62.96
12031,Italy,5/6/2020,214457,29684,62.96
12032,Italy,5/7/2020,215858,29958,62.96
12033,Italy,5/8/2020,217185,30201,62.96
12034,Italy,5/9/2020,218268,30395,62.96
12035,Italy,5/10/2020,219070,30560,62.96
12036,Italy,5/11/2020,219814,30739,62.96
12037,Italy,5/12/2020,221216,30911,62.96
12038,Italy,5/13/2020,222104,31106,62.96
12039,Italy,5/14/2020,223096,31368,62.96
12040,Italy,5/15/2020,223885,31610,62.96
12041,Italy,5/16/2020,224760,31763,66.67
12042,Italy,5/17/2020,225435,31908,66.67
12043,Italy,5/18/2020,225886,32007,63.89
12044,Italy,5/19/2020,226699,32169,63.89
12045,Italy,5/20/2020,227364,32330,63.89
12046,Italy,5/21/2020,228006,32486,63.89
12047,Italy,5/22/2020,228658,32616,63.89
12048,Italy,5/23/2020,229327,32735,63.89
12049,Italy,5/24/2020,229858,32785,63.89
12050,Italy,5/25/2020,230158,32877,60.19
12051,Italy,5/26/2020,230555,32955,60.19
12052,Italy,5/27/2020,231139,33072,60.19
12053,Italy,5/28/2020,231732,33142,60.19
12054,Italy,5/29/2020,232248,33229,60.19
12055,Italy,5/30/2020,232664,33340,60.19
12056,Italy,5/31/2020,232997,33415,60.19
12977,South Korea,1/1/2020,0,0,0
12978,South Korea,1/2/2020,0,0,0
12979,South Korea,1/3/2020,0,0,0
12980,South Korea,1/4/2020,0,0,0
12981,South Korea,1/5/2020,0,0,0
12982,South Korea,1/6/2020,0,0,0
12983,South Korea,1/7/2020,0,0,0
12984,South Korea,1/8/2020,0,0,0
12985,South Korea,1/9/2020,0,0,0
12986,South Korea,1/10/2020,0,0,0
12987,South Korea,1/11/2020,0,0,0
12988,South Korea,1/12/2020,0,0,0
12989,South Korea,1/13/2020,0,0,0
12990,South Korea,1/14/2020,0,0,0
12991,South Korea,1/15/2020,0,0,0
12992,South Korea,1/16/2020,0,0,0
12993,South Korea,1/17/2020,0,0,0
12994,South Korea,1/18/2020,0,0,0
12995,South Korea,1/19/2020,0,0,0
12996,South Korea,1/20/2020,1,0,0
12997,South Korea,1/21/2020,1,0,0
12998,South Korea,1/22/2020,1,0,0
12999,South Korea,1/23/2020,1,0,0
13000,South Korea,1/24/2020,2,0,0
13001,South Korea,1/25/2020,2,0,0
13002,South Korea,1/26/2020,3,0,0
13003,South Korea,1/27/2020,4,0,0
13004,South Korea,1/28/2020,4,0,0
13005,South Korea,1/29/2020,4,0,0
13006,South Korea,1/30/2020,4,0,0
13007,South Korea,1/31/2020,11,0,2.78
13008,South Korea,2/1/2020,12,0,13.89
13009,South Korea,2/2/2020,15,0,13.89
13010,South Korea,2/3/2020,15,0,19.44
13011,South Korea,2/4/2020,16,0,27.78
13012,South Korea,2/5/2020,19,0,27.78
13013,South Korea,2/6/2020,23,0,31.48
13014,South Korea,2/7/2020,24,0,31.48
13015,South Korea,2/8/2020,24,0,31.48
13016,South Korea,2/9/2020,25,0,31.48
13017,South Korea,2/10/2020,27,0,31.48
13018,South Korea,2/11/2020,28,0,31.48
13019,South Korea,2/12/2020,28,0,31.48
13020,South Korea,2/13/2020,28,0,31.48
13021,South Korea,2/14/2020,28,0,31.48
13022,South Korea,2/15/2020,28,0,31.48
13023,South Korea,2/16/2020,29,0,31.48
13024,South Korea,2/17/2020,30,0,31.48
13025,South Korea,2/18/2020,31,0,31.48
13026,South Korea,2/19/2020,31,0,31.48
13027,South Korea,2/20/2020,104,1,31.48
13028,South Korea,2/21/2020,204,2,45.37
13029,South Korea,2/22/2020,433,2,45.37
13030,South Korea,2/23/2020,602,6,50
13031,South Korea,2/24/2020,833,8,55.56
13032,South Korea,2/25/2020,977,10,55.56
13033,South Korea,2/26/2020,1261,12,55.56
13034,South Korea,2/27/2020,1766,13,55.56
13035,South Korea,2/28/2020,2337,13,55.56
13036,South Korea,2/29/2020,3150,16,55.56
13037,South Korea,3/1/2020,3736,17,55.56
13038,South Korea,3/2/2020,4335,28,55.56
13039,South Korea,3/3/2020,5186,28,55.56
13040,South Korea,3/4/2020,5621,35,55.56
13041,South Korea,3/5/2020,6088,35,55.56
13042,South Korea,3/6/2020,6593,42,55.56
13043,South Korea,3/7/2020,7041,44,55.56
13044,South Korea,3/8/2020,7314,50,55.56
13045,South Korea,3/9/2020,7478,53,55.56
13046,South Korea,3/10/2020,7513,54,55.56
13047,South Korea,3/11/2020,7755,60,55.56
13048,South Korea,3/12/2020,7869,66,52.78
13049,South Korea,3/13/2020,7979,66,52.78
13050,South Korea,3/14/2020,8086,72,52.78
13051,South Korea,3/15/2020,8162,75,52.78
13052,South Korea,3/16/2020,8236,75,52.78
13053,South Korea,3/17/2020,8320,81,52.78
13054,South Korea,3/18/2020,8413,84,52.78
13055,South Korea,3/19/2020,8565,91,52.78
13056,South Korea,3/20/2020,8652,94,55.56
13057,South Korea,3/21/2020,8799,102,69.44
13058,South Korea,3/22/2020,8961,111,75.93
13059,South Korea,3/23/2020,8961,111,75.93
13060,South Korea,3/24/2020,9037,120,75.93
13061,South Korea,3/25/2020,9137,126,75.93
13062,South Korea,3/26/2020,9241,131,75.93
13063,South Korea,3/27/2020,9332,139,75.93
13064,South Korea,3/28/2020,9478,144,75.93
13065,South Korea,3/29/2020,9583,152,75.93
13066,South Korea,3/30/2020,9661,158,75.93
13067,South Korea,3/31/2020,9786,162,75.93
13068,South Korea,4/1/2020,9887,165,75.93
13069,South Korea,4/2/2020,9976,169,75.93
13070,South Korea,4/3/2020,10062,174,75.93
13071,South Korea,4/4/2020,10156,177,78.7
13072,South Korea,4/5/2020,10237,183,78.7
13073,South Korea,4/6/2020,10284,186,82.41
13074,South Korea,4/7/2020,10331,192,82.41
13075,South Korea,4/8/2020,10384,200,82.41
13076,South Korea,4/9/2020,10423,204,82.41
13077,South Korea,4/10/2020,10450,208,82.41
13078,South Korea,4/11/2020,10480,211,82.41
13079,South Korea,4/12/2020,10512,214,82.41
13080,South Korea,4/13/2020,10537,217,82.41
13081,South Korea,4/14/2020,10564,222,82.41
13082,South Korea,4/15/2020,10591,225,82.41
13083,South Korea,4/16/2020,10613,229,82.41
13084,South Korea,4/17/2020,10635,230,82.41
13085,South Korea,4/18/2020,10653,232,73.15
13086,South Korea,4/19/2020,10661,234,73.15
13087,South Korea,4/20/2020,10674,236,43.52
13088,South Korea,4/21/2020,10683,237,43.52
13089,South Korea,4/22/2020,10694,238,43.52
13090,South Korea,4/23/2020,10708,240,43.52
13091,South Korea,4/24/2020,10718,240,43.52
13092,South Korea,4/25/2020,10728,242,43.52
13093,South Korea,4/26/2020,10738,243,43.52
13094,South Korea,4/27/2020,10752,244,43.52
13095,South Korea,4/28/2020,10761,246,43.52
13096,South Korea,4/29/2020,10765,247,43.52
13097,South Korea,4/30/2020,10774,248,43.52
13098,South Korea,5/1/2020,10780,250,43.52
13099,South Korea,5/2/2020,10793,250,43.52
13100,South Korea,5/3/2020,10801,252,43.52
13101,South Korea,5/4/2020,10804,254,43.52
13102,South Korea,5/5/2020,10806,255,43.52
13103,South Korea,5/6/2020,10810,256,43.52
13104,South Korea,5/7/2020,10822,256,43.52
13105,South Korea,5/8/2020,10840,256,43.52
13106,South Korea,5/9/2020,10874,256,43.52
13107,South Korea,5/10/2020,10909,256,43.52
13108,South Korea,5/11/2020,10936,258,43.52
13109,South Korea,5/12/2020,10962,259,43.52
13110,South Korea,5/13/2020,10991,260,43.52
13111,South Korea,5/14/2020,11018,260,43.52
13112,South Korea,5/15/2020,11037,262,43.52
13113,South Korea,5/16/2020,11050,262,43.52
13114,South Korea,5/17/2020,11065,263,43.52
13115,South Korea,5/18/2020,11078,263,43.52
13116,South Korea,5/19/2020,11110,263,43.52
13117,South Korea,5/20/2020,11122,264,39.81
13118,South Korea,5/21/2020,11142,264,39.81
13119,South Korea,5/22/2020,11165,266,39.81
13120,South Korea,5/23/2020,11190,266,39.81
13121,South Korea,5/24/2020,11206,267,39.81
13122,South Korea,5/25/2020,11225,269,39.81
13123,South Korea,5/26/2020,11265,269,39.81
13124,South Korea,5/27/2020,11344,269,39.81
13125,South Korea,5/28/2020,11402,269,39.81
13126,South Korea,5/29/2020,11441,269,56.94
13127,South Korea,5/30/2020,11468,270,56.94
13128,South Korea,5/31/2020,11503,271,56.94
15118,Mexico,1/1/2020,0,0,0
15119,Mexico,1/2/2020,0,0,0
15120,Mexico,1/3/2020,0,0,0
15121,Mexico,1/4/2020,0,0,0
15122,Mexico,1/5/2020,0,0,0
15123,Mexico,1/6/2020,0,0,0
15124,Mexico,1/7/2020,0,0,0
15125,Mexico,1/8/2020,0,0,0
15126,Mexico,1/9/2020,0,0,0
15127,Mexico,1/10/2020,0,0,0
15128,Mexico,1/11/2020,0,0,0
15129,Mexico,1/12/2020,0,0,0
15130,Mexico,1/13/2020,0,0,0
15131,Mexico,1/14/2020,0,0,0
15132,Mexico,1/15/2020,0,0,0
15133,Mexico,1/16/2020,0,0,0
15134,Mexico,1/17/2020,0,0,0
15135,Mexico,1/18/2020,0,0,0
15136,Mexico,1/19/2020,0,0,0
15137,Mexico,1/20/2020,0,0,0
15138,Mexico,1/21/2020,0,0,0
15139,Mexico,1/22/2020,0,0,0
15140,Mexico,1/23/2020,0,0,0
15141,Mexico,1/24/2020,0,0,0
15142,Mexico,1/25/2020,0,0,0
15143,Mexico,1/26/2020,0,0,0
15144,Mexico,1/27/2020,0,0,0
15145,Mexico,1/28/2020,0,0,0
15146,Mexico,1/29/2020,0,0,0
15147,Mexico,1/30/2020,0,0,0
15148,Mexico,1/31/2020,0,0,0
15149,Mexico,2/1/2020,0,0,0
15150,Mexico,2/2/2020,0,0,0
15151,Mexico,2/3/2020,0,0,0
15152,Mexico,2/4/2020,0,0,0
15153,Mexico,2/5/2020,0,0,0
15154,Mexico,2/6/2020,0,0,0
15155,Mexico,2/7/2020,0,0,0
15157,Mexico,2/8/2020,0,0,0
15158,Mexico,2/9/2020,0,0,0
15159,Mexico,2/10/2020,0,0,0
15160,Mexico,2/11/2020,0,0,0
15161,Mexico,2/12/2020,0,0,0
15162,Mexico,2/13/2020,0,0,0
15163,Mexico,2/14/2020,0,0,0
15164,Mexico,2/15/2020,0,0,0
15165,Mexico,2/16/2020,0,0,0
15166,Mexico,2/17/2020,0,0,0
15167,Mexico,2/18/2020,0,0,0
15168,Mexico,2/19/2020,0,0,0
15169,Mexico,2/20/2020,0,0,0
15170,Mexico,2/21/2020,0,0,0
15171,Mexico,2/22/2020,0,0,0
15172,Mexico,2/23/2020,0,0,0
15173,Mexico,2/24/2020,0,0,0
15174,Mexico,2/25/2020,0,0,0
15175,Mexico,2/26/2020,0,0,0
15176,Mexico,2/27/2020,0,0,0
15177,Mexico,2/28/2020,1,0,2.78
15178,Mexico,2/29/2020,4,0,2.78
15179,Mexico,3/1/2020,5,0,2.78
15180,Mexico,3/2/2020,5,0,2.78
15181,Mexico,3/3/2020,5,0,2.78
15182,Mexico,3/4/2020,5,0,2.78
15183,Mexico,3/5/2020,5,0,2.78
15184,Mexico,3/6/2020,6,0,2.78
15185,Mexico,3/7/2020,6,0,2.78
15186,Mexico,3/8/2020,7,0,2.78
15187,Mexico,3/9/2020,7,0,2.78
15188,Mexico,3/10/2020,7,0,2.78
15189,Mexico,3/11/2020,8,0,2.78
15190,Mexico,3/12/2020,12,0,2.78
15191,Mexico,3/13/2020,26,0,2.78
15192,Mexico,3/14/2020,41,0,2.78
15193,Mexico,3/15/2020,53,0,2.78
15194,Mexico,3/16/2020,82,0,2.78
15195,Mexico,3/17/2020,93,0,2.78
15196,Mexico,3/18/2020,118,0,2.78
15197,Mexico,3/19/2020,164,1,2.78
15198,Mexico,3/20/2020,203,2,2.78
15199,Mexico,3/21/2020,251,2,8.33
15200,Mexico,3/22/2020,316,3,8.33
15201,Mexico,3/23/2020,367,4,19.44
15202,Mexico,3/24/2020,405,5,52.78
15203,Mexico,3/25/2020,475,6,52.78
15204,Mexico,3/26/2020,585,8,63.89
15205,Mexico,3/27/2020,717,12,63.89
15206,Mexico,3/28/2020,848,16,63.89
15207,Mexico,3/29/2020,993,20,63.89
15208,Mexico,3/30/2020,1094,28,82.41
15209,Mexico,3/31/2020,1215,29,82.41
15210,Mexico,4/1/2020,1378,37,82.41
15211,Mexico,4/2/2020,1510,50,82.41
15212,Mexico,4/3/2020,1688,60,82.41
15213,Mexico,4/4/2020,1890,79,82.41
15214,Mexico,4/5/2020,2143,94,82.41
15215,Mexico,4/6/2020,2439,125,82.41
15216,Mexico,4/7/2020,2785,141,82.41
15217,Mexico,4/8/2020,3181,174,82.41
15218,Mexico,4/9/2020,3441,194,82.41
15219,Mexico,4/10/2020,3844,233,82.41
15220,Mexico,4/11/2020,4219,273,82.41
15221,Mexico,4/12/2020,4661,296,82.41
15222,Mexico,4/13/2020,5014,332,82.41
15223,Mexico,4/14/2020,5399,406,82.41
15224,Mexico,4/15/2020,5847,449,82.41
15225,Mexico,4/16/2020,6297,486,82.41
15226,Mexico,4/17/2020,6875,546,82.41
15227,Mexico,4/18/2020,7497,650,82.41
15228,Mexico,4/19/2020,8261,686,82.41
15229,Mexico,4/20/2020,8772,712,82.41
15230,Mexico,4/21/2020,9501,857,82.41
15231,Mexico,4/22/2020,10544,970,82.41
15232,Mexico,4/23/2020,11633,1069,82.41
15233,Mexico,4/24/2020,12872,1221,82.41
15234,Mexico,4/25/2020,13842,1305,82.41
15235,Mexico,4/26/2020,14677,1351,82.41
15236,Mexico,4/27/2020,15529,1434,82.41
15237,Mexico,4/28/2020,16752,1569,82.41
15238,Mexico,4/29/2020,17799,1732,82.41
15239,Mexico,4/30/2020,19224,1859,82.41
15240,Mexico,5/1/2020,20739,1972,82.41
15241,Mexico,5/2/2020,22088,2061,82.41
15242,Mexico,5/3/2020,23471,2154,82.41
15243,Mexico,5/4/2020,24905,2271,82.41
15244,Mexico,5/5/2020,26025,2507,82.41
15245,Mexico,5/6/2020,27634,2704,82.41
15246,Mexico,5/7/2020,29616,2961,82.41
15247,Mexico,5/8/2020,31522,3160,82.41
15248,Mexico,5/9/2020,33460,3353,82.41
15249,Mexico,5/10/2020,35022,3465,82.41
15250,Mexico,5/11/2020,36327,3573,82.41
15251,Mexico,5/12/2020,38324,3926,82.41
15252,Mexico,5/13/2020,40186,4220,82.41
15253,Mexico,5/14/2020,42595,4477,82.41
15254,Mexico,5/15/2020,45032,4767,82.41
15255,Mexico,5/16/2020,47144,5045,82.41
15256,Mexico,5/17/2020,49219,5177,82.41
15257,Mexico,5/18/2020,51633,5332,82.41
15258,Mexico,5/19/2020,54346,5666,82.41
15259,Mexico,5/20/2020,56594,6090,82.41
15260,Mexico,5/21/2020,59567,6510,82.41
15261,Mexico,5/22/2020,62527,6989,82.41
15262,Mexico,5/23/2020,65856,7179,82.41
15263,Mexico,5/24/2020,68620,7394,82.41
15264,Mexico,5/25/2020,71105,7633,82.41
15265,Mexico,5/26/2020,74560,8134,82.41
15266,Mexico,5/27/2020,78023,8597,82.41
15267,Mexico,5/28/2020,81400,9044,82.41
15268,Mexico,5/29/2020,84627,9415,82.41
15269,Mexico,5/30/2020,87512,9779,82.41
15270,Mexico,5/31/2020,90664,9930,82.41
16797,Nigeria,1/1/2020,0,0,11.11
16798,Nigeria,1/2/2020,0,0,11.11
16799,Nigeria,1/3/2020,0,0,11.11
16800,Nigeria,1/4/2020,0,0,11.11
16801,Nigeria,1/5/2020,0,0,11.11
16802,Nigeria,1/6/2020,0,0,11.11
16803,Nigeria,1/7/2020,0,0,11.11
16804,Nigeria,1/8/2020,0,0,11.11
16805,Nigeria,1/9/2020,0,0,11.11
16806,Nigeria,1/10/2020,0,0,11.11
16807,Nigeria,1/11/2020,0,0,11.11
16808,Nigeria,1/12/2020,0,0,11.11
16809,Nigeria,1/13/2020,0,0,11.11
16810,Nigeria,1/14/2020,0,0,11.11
16811,Nigeria,1/15/2020,0,0,11.11
16812,Nigeria,1/16/2020,0,0,11.11
16813,Nigeria,1/17/2020,0,0,11.11
16814,Nigeria,1/18/2020,0,0,11.11
16815,Nigeria,1/19/2020,0,0,11.11
16816,Nigeria,1/20/2020,0,0,11.11
16817,Nigeria,1/21/2020,0,0,11.11
16818,Nigeria,1/22/2020,0,0,16.67
16819,Nigeria,1/23/2020,0,0,16.67
16820,Nigeria,1/24/2020,0,0,16.67
16821,Nigeria,1/25/2020,0,0,16.67
16822,Nigeria,1/26/2020,0,0,16.67
16823,Nigeria,1/27/2020,0,0,16.67
16824,Nigeria,1/28/2020,0,0,16.67
16825,Nigeria,1/29/2020,0,0,16.67
16826,Nigeria,1/30/2020,0,0,16.67
16827,Nigeria,1/31/2020,0,0,22.22
16828,Nigeria,2/1/2020,0,0,22.22
16829,Nigeria,2/2/2020,0,0,22.22
16830,Nigeria,2/3/2020,0,0,22.22
16831,Nigeria,2/4/2020,0,0,22.22
16832,Nigeria,2/5/2020,0,0,22.22
16833,Nigeria,2/6/2020,0,0,22.22
16834,Nigeria,2/7/2020,0,0,22.22
16835,Nigeria,2/8/2020,0,0,22.22
16836,Nigeria,2/9/2020,0,0,22.22
16837,Nigeria,2/10/2020,0,0,22.22
16838,Nigeria,2/11/2020,0,0,22.22
16839,Nigeria,2/12/2020,0,0,22.22
16840,Nigeria,2/13/2020,0,0,22.22
16841,Nigeria,2/14/2020,0,0,22.22
16842,Nigeria,2/15/2020,0,0,22.22
16843,Nigeria,2/16/2020,0,0,22.22
16844,Nigeria,2/17/2020,0,0,22.22
16845,Nigeria,2/18/2020,0,0,22.22
16846,Nigeria,2/19/2020,0,0,22.22
16847,Nigeria,2/20/2020,0,0,22.22
16848,Nigeria,2/21/2020,0,0,22.22
16849,Nigeria,2/22/2020,0,0,22.22
16850,Nigeria,2/23/2020,0,0,22.22
16851,Nigeria,2/24/2020,0,0,22.22
16852,Nigeria,2/25/2020,0,0,22.22
16853,Nigeria,2/26/2020,0,0,22.22
16854,Nigeria,2/27/2020,0,0,22.22
16855,Nigeria,2/28/2020,1,0,22.22
16856,Nigeria,2/29/2020,1,0,22.22
16857,Nigeria,3/1/2020,1,0,22.22
16858,Nigeria,3/2/2020,1,0,22.22
16859,Nigeria,3/3/2020,1,0,22.22
16860,Nigeria,3/4/2020,1,0,22.22
16861,Nigeria,3/5/2020,1,0,22.22
16862,Nigeria,3/6/2020,1,0,22.22
16863,Nigeria,3/7/2020,1,0,22.22
16864,Nigeria,3/8/2020,1,0,22.22
16865,Nigeria,3/9/2020,2,0,22.22
16866,Nigeria,3/10/2020,2,0,22.22
16867,Nigeria,3/11/2020,2,0,22.22
16868,Nigeria,3/12/2020,2,0,22.22
16869,Nigeria,3/13/2020,2,0,22.22
16870,Nigeria,3/14/2020,2,0,22.22
16871,Nigeria,3/15/2020,2,0,22.22
16872,Nigeria,3/16/2020,2,0,22.22
16873,Nigeria,3/17/2020,3,0,22.22
16874,Nigeria,3/18/2020,8,0,36.57
16875,Nigeria,3/19/2020,8,0,36.57
16876,Nigeria,3/20/2020,12,0,44.91
16877,Nigeria,3/21/2020,22,0,44.91
16878,Nigeria,3/22/2020,30,0,44.91
16879,Nigeria,3/23/2020,40,1,48.61
16880,Nigeria,3/24/2020,44,1,48.61
16881,Nigeria,3/25/2020,51,1,48.61
16882,Nigeria,3/26/2020,65,1,52.31
16883,Nigeria,3/27/2020,70,1,52.31
16884,Nigeria,3/28/2020,89,1,55.09
16885,Nigeria,3/29/2020,111,1,82.87
16886,Nigeria,3/30/2020,131,2,82.87
16887,Nigeria,3/31/2020,135,2,82.87
16888,Nigeria,4/1/2020,174,2,82.87
16889,Nigeria,4/2/2020,184,2,82.87
16890,Nigeria,4/3/2020,210,4,82.87
16891,Nigeria,4/4/2020,214,4,82.87
16892,Nigeria,4/5/2020,232,5,82.87
16893,Nigeria,4/6/2020,238,5,82.87
16894,Nigeria,4/7/2020,254,6,82.87
16895,Nigeria,4/8/2020,276,6,82.87
16896,Nigeria,4/9/2020,288,7,82.87
16897,Nigeria,4/10/2020,305,7,82.87
16898,Nigeria,4/11/2020,318,10,82.87
16899,Nigeria,4/12/2020,323,10,82.87
16900,Nigeria,4/13/2020,343,10,82.87
16901,Nigeria,4/14/2020,373,11,82.87
16902,Nigeria,4/15/2020,407,12,82.87
16903,Nigeria,4/16/2020,442,13,82.87
16904,Nigeria,4/17/2020,493,17,82.87
16905,Nigeria,4/18/2020,542,19,82.87
16906,Nigeria,4/19/2020,627,21,82.87
16907,Nigeria,4/20/2020,665,22,82.87
16908,Nigeria,4/21/2020,665,22,82.87
16909,Nigeria,4/22/2020,873,28,82.87
16910,Nigeria,4/23/2020,981,31,85.65
16911,Nigeria,4/24/2020,1095,32,85.65
16912,Nigeria,4/25/2020,1182,35,85.65
16913,Nigeria,4/26/2020,1273,40,85.65
16914,Nigeria,4/27/2020,1337,40,85.65
16915,Nigeria,4/28/2020,1532,44,85.65
16916,Nigeria,4/29/2020,1728,51,85.65
16917,Nigeria,4/30/2020,1932,58,85.65
16918,Nigeria,5/1/2020,2170,68,85.65
16919,Nigeria,5/2/2020,2388,85,85.65
16920,Nigeria,5/3/2020,2558,87,85.65
16921,Nigeria,5/4/2020,2802,93,80.56
16922,Nigeria,5/5/2020,2950,98,80.56
16923,Nigeria,5/6/2020,3145,103,80.56
16924,Nigeria,5/7/2020,3526,107,80.56
16925,Nigeria,5/8/2020,3912,117,80.56
16926,Nigeria,5/9/2020,4151,128,80.56
16927,Nigeria,5/10/2020,4399,143,80.56
16928,Nigeria,5/11/2020,4641,150,80.56
16929,Nigeria,5/12/2020,4787,158,80.56
16930,Nigeria,5/13/2020,4971,164,80.56
16931,Nigeria,5/14/2020,5162,167,80.56
16932,Nigeria,5/15/2020,5450,171,80.56
16933,Nigeria,5/16/2020,5621,176,80.56
16934,Nigeria,5/17/2020,5959,182,80.56
16935,Nigeria,5/18/2020,6175,191,80.56
16936,Nigeria,5/19/2020,6401,192,80.56
16937,Nigeria,5/20/2020,6677,200,80.56
16938,Nigeria,5/21/2020,7016,211,80.56
16939,Nigeria,5/22/2020,7261,221,80.56
16940,Nigeria,5/23/2020,7526,221,80.56
16941,Nigeria,5/24/2020,7839,226,80.56
16942,Nigeria,5/25/2020,8068,233,80.56
16943,Nigeria,5/26/2020,8344,249,
16944,Nigeria,5/27/2020,8733,254,
16945,Nigeria,5/28/2020,8915,259,
16946,Nigeria,5/29/2020,9302,261,
16947,Nigeria,5/30/2020,9855,273,
16948,Nigeria,5/31/2020,10162,287,
17407,Nepal,1/1/2020,0,0,0
17408,Nepal,1/2/2020,0,0,0
17409,Nepal,1/3/2020,0,0,0
17410,Nepal,1/4/2020,0,0,0
17411,Nepal,1/5/2020,0,0,0
17412,Nepal,1/6/2020,0,0,0
17413,Nepal,1/7/2020,0,0,0
17414,Nepal,1/8/2020,0,0,0
17415,Nepal,1/9/2020,0,0,0
17416,Nepal,1/10/2020,0,0,0
17417,Nepal,1/11/2020,0,0,0
17418,Nepal,1/12/2020,0,0,0
17419,Nepal,1/13/2020,0,0,0
17420,Nepal,1/14/2020,0,0,0
17421,Nepal,1/15/2020,0,0,0
17422,Nepal,1/16/2020,0,0,5.56
17423,Nepal,1/17/2020,0,0,5.56
17424,Nepal,1/18/2020,0,0,5.56
17425,Nepal,1/19/2020,0,0,5.56
17426,Nepal,1/20/2020,0,0,5.56
17427,Nepal,1/21/2020,0,0,5.56
17428,Nepal,1/22/2020,0,0,5.56
17429,Nepal,1/23/2020,0,0,5.56
17430,Nepal,1/24/2020,0,0,5.56
17431,Nepal,1/25/2020,1,0,8.33
17432,Nepal,1/26/2020,1,0,8.33
17433,Nepal,1/27/2020,1,0,8.33
17434,Nepal,1/28/2020,1,0,13.89
17435,Nepal,1/29/2020,1,0,13.89
17436,Nepal,1/30/2020,1,0,13.89
17437,Nepal,1/31/2020,1,0,13.89
17438,Nepal,2/1/2020,1,0,13.89
17439,Nepal,2/2/2020,1,0,13.89
17440,Nepal,2/3/2020,1,0,13.89
17441,Nepal,2/4/2020,1,0,16.67
17442,Nepal,2/5/2020,1,0,16.67
17443,Nepal,2/6/2020,1,0,16.67
17444,Nepal,2/7/2020,1,0,16.67
17445,Nepal,2/8/2020,1,0,16.67
17446,Nepal,2/9/2020,1,0,16.67
17447,Nepal,2/10/2020,1,0,16.67
17448,Nepal,2/11/2020,1,0,16.67
17449,Nepal,2/12/2020,1,0,16.67
17450,Nepal,2/13/2020,1,0,16.67
17451,Nepal,2/14/2020,1,0,16.67
17452,Nepal,2/15/2020,1,0,16.67
17453,Nepal,2/16/2020,1,0,16.67
17454,Nepal,2/17/2020,1,0,16.67
17455,Nepal,2/18/2020,1,0,16.67
17456,Nepal,2/19/2020,1,0,16.67
17457,Nepal,2/20/2020,1,0,16.67
17458,Nepal,2/21/2020,1,0,16.67
17459,Nepal,2/22/2020,1,0,16.67
17460,Nepal,2/23/2020,1,0,16.67
17461,Nepal,2/24/2020,1,0,16.67
17462,Nepal,2/25/2020,1,0,16.67
17463,Nepal,2/26/2020,1,0,16.67
17464,Nepal,2/27/2020,1,0,16.67
17465,Nepal,2/28/2020,1,0,16.67
17466,Nepal,2/29/2020,1,0,16.67
17467,Nepal,3/1/2020,1,0,22.22
17468,Nepal,3/2/2020,1,0,22.22
17469,Nepal,3/3/2020,1,0,22.22
17470,Nepal,3/4/2020,1,0,22.22
17471,Nepal,3/5/2020,1,0,22.22
17472,Nepal,3/6/2020,1,0,22.22
17473,Nepal,3/7/2020,1,0,22.22
17474,Nepal,3/8/2020,1,0,22.22
17475,Nepal,3/9/2020,1,0,22.22
17476,Nepal,3/10/2020,1,0,22.22
17477,Nepal,3/11/2020,1,0,22.22
17478,Nepal,3/12/2020,1,0,22.22
17479,Nepal,3/13/2020,1,0,22.22
17480,Nepal,3/14/2020,1,0,22.22
17481,Nepal,3/15/2020,1,0,22.22
17482,Nepal,3/16/2020,1,0,22.22
17483,Nepal,3/17/2020,1,0,22.22
17484,Nepal,3/18/2020,1,0,36.11
17485,Nepal,3/19/2020,1,0,47.22
17486,Nepal,3/20/2020,1,0,58.33
17487,Nepal,3/21/2020,1,0,58.33
17488,Nepal,3/22/2020,1,0,78.7
17489,Nepal,3/23/2020,2,0,83.33
17490,Nepal,3/24/2020,2,0,96.3
17491,Nepal,3/25/2020,3,0,96.3
17492,Nepal,3/26/2020,3,0,96.3
17493,Nepal,3/27/2020,4,0,96.3
17494,Nepal,3/28/2020,5,0,96.3
17495,Nepal,3/29/2020,5,0,96.3
17496,Nepal,3/30/2020,5,0,96.3
17497,Nepal,3/31/2020,5,0,96.3
17498,Nepal,4/1/2020,5,0,96.3
17499,Nepal,4/2/2020,6,0,96.3
17500,Nepal,4/3/2020,6,0,96.3
17501,Nepal,4/4/2020,9,0,96.3
17502,Nepal,4/5/2020,9,0,96.3
17503,Nepal,4/6/2020,9,0,96.3
17504,Nepal,4/7/2020,9,0,96.3
17505,Nepal,4/8/2020,9,0,96.3
17506,Nepal,4/9/2020,9,0,96.3
17507,Nepal,4/10/2020,9,0,96.3
17508,Nepal,4/11/2020,9,0,96.3
17509,Nepal,4/12/2020,12,0,96.3
17510,Nepal,4/13/2020,14,0,96.3
17511,Nepal,4/14/2020,16,0,96.3
17512,Nepal,4/15/2020,16,0,96.3
17513,Nepal,4/16/2020,16,0,96.3
17514,Nepal,4/17/2020,30,0,96.3
17515,Nepal,4/18/2020,31,0,96.3
17516,Nepal,4/19/2020,31,0,96.3
17517,Nepal,4/20/2020,31,0,96.3
17518,Nepal,4/21/2020,43,0,96.3
17519,Nepal,4/22/2020,45,0,96.3
17520,Nepal,4/23/2020,48,0,96.3
17521,Nepal,4/24/2020,49,0,96.3
17522,Nepal,4/25/2020,49,0,96.3
17523,Nepal,4/26/2020,52,0,96.3
17524,Nepal,4/27/2020,52,0,96.3
17525,Nepal,4/28/2020,54,0,96.3
17526,Nepal,4/29/2020,57,0,96.3
17527,Nepal,4/30/2020,57,0,96.3
17528,Nepal,5/1/2020,59,0,96.3
17529,Nepal,5/2/2020,59,0,96.3
17530,Nepal,5/3/2020,75,0,96.3
17531,Nepal,5/4/2020,75,0,96.3
17532,Nepal,5/5/2020,82,0,96.3
17533,Nepal,5/6/2020,99,0,96.3
17534,Nepal,5/7/2020,101,0,92.59
17535,Nepal,5/8/2020,102,0,92.59
17536,Nepal,5/9/2020,110,0,92.59
17537,Nepal,5/10/2020,110,0,92.59
17538,Nepal,5/11/2020,134,0,92.59
17539,Nepal,5/12/2020,217,0,92.59
17540,Nepal,5/13/2020,250,0,92.59
17541,Nepal,5/14/2020,249,0,92.59
17542,Nepal,5/15/2020,267,0,92.59
17543,Nepal,5/16/2020,291,1,92.59
17544,Nepal,5/17/2020,295,2,92.59
17545,Nepal,5/18/2020,375,2,92.59
17546,Nepal,5/19/2020,402,2,92.59
17547,Nepal,5/20/2020,427,2,92.59
17548,Nepal,5/21/2020,457,3,92.59
17549,Nepal,5/22/2020,516,3,92.59
17550,Nepal,5/23/2020,584,3,92.59
17551,Nepal,5/24/2020,603,3,92.59
17552,Nepal,5/25/2020,682,4,92.59
17553,Nepal,5/26/2020,772,4,92.59
17554,Nepal,5/27/2020,886,4,92.59
17555,Nepal,5/28/2020,1042,5,92.59
17556,Nepal,5/29/2020,1212,6,92.59
17557,Nepal,5/30/2020,1401,6,92.59
17558,Nepal,5/31/2020,1572,8,92.59
22147,Sweden,1/1/2020,0,0,0
22148,Sweden,1/2/2020,0,0,0
22149,Sweden,1/3/2020,0,0,0
22150,Sweden,1/4/2020,0,0,0
22151,Sweden,1/5/2020,0,0,0
22152,Sweden,1/6/2020,0,0,0
22153,Sweden,1/7/2020,0,0,0
22154,Sweden,1/8/2020,0,0,0
22155,Sweden,1/9/2020,0,0,0
22156,Sweden,1/10/2020,0,0,0
22157,Sweden,1/11/2020,0,0,0
22158,Sweden,1/12/2020,0,0,0
22159,Sweden,1/13/2020,0,0,0
22160,Sweden,1/14/2020,0,0,0
22161,Sweden,1/15/2020,0,0,0
22162,Sweden,1/16/2020,0,0,0
22163,Sweden,1/17/2020,0,0,0
22164,Sweden,1/18/2020,0,0,0
22165,Sweden,1/19/2020,0,0,0
22166,Sweden,1/20/2020,0,0,0
22167,Sweden,1/21/2020,0,0,0
22168,Sweden,1/22/2020,0,0,0
22169,Sweden,1/23/2020,0,0,0
22170,Sweden,1/24/2020,0,0,0
22171,Sweden,1/25/2020,0,0,0
22172,Sweden,1/26/2020,0,0,0
22173,Sweden,1/27/2020,0,0,0
22174,Sweden,1/28/2020,0,0,0
22175,Sweden,1/29/2020,0,0,0
22176,Sweden,1/30/2020,0,0,0
22177,Sweden,1/31/2020,1,0,0
22178,Sweden,2/1/2020,1,0,0
22179,Sweden,2/2/2020,1,0,0
22180,Sweden,2/3/2020,1,0,0
22181,Sweden,2/4/2020,1,0,0
22182,Sweden,2/5/2020,1,0,0
22183,Sweden,2/6/2020,1,0,0
22184,Sweden,2/7/2020,1,0,0
22185,Sweden,2/8/2020,1,0,0
22186,Sweden,2/9/2020,1,0,0
22187,Sweden,2/10/2020,1,0,0
22189,Sweden,2/11/2020,1,0,0
22190,Sweden,2/12/2020,1,0,0
22191,Sweden,2/13/2020,1,0,0
22192,Sweden,2/14/2020,1,0,0
22193,Sweden,2/15/2020,1,0,0
22194,Sweden,2/16/2020,1,0,0
22195,Sweden,2/17/2020,1,0,0
22196,Sweden,2/18/2020,1,0,0
22197,Sweden,2/19/2020,1,0,0
22198,Sweden,2/20/2020,1,0,0
22199,Sweden,2/21/2020,1,0,0
22200,Sweden,2/22/2020,1,0,0
22201,Sweden,2/23/2020,1,0,0
22202,Sweden,2/24/2020,1,0,0
22203,Sweden,2/25/2020,1,0,0
22204,Sweden,2/26/2020,2,0,0
22205,Sweden,2/27/2020,7,0,0
22206,Sweden,2/28/2020,7,0,0
22207,Sweden,2/29/2020,12,0,0
22208,Sweden,3/1/2020,14,0,0
22209,Sweden,3/2/2020,15,0,0
22210,Sweden,3/3/2020,21,0,0
22211,Sweden,3/4/2020,35,0,0
22212,Sweden,3/5/2020,94,0,0
22213,Sweden,3/6/2020,101,0,0
22214,Sweden,3/7/2020,161,0,0
22215,Sweden,3/8/2020,203,0,0
22216,Sweden,3/9/2020,248,0,11.11
22217,Sweden,3/10/2020,355,0,11.11
22218,Sweden,3/11/2020,500,1,11.11
22219,Sweden,3/12/2020,599,1,16.67
22220,Sweden,3/13/2020,814,1,16.67
22221,Sweden,3/14/2020,961,2,16.67
22222,Sweden,3/15/2020,1022,3,16.67
22223,Sweden,3/16/2020,1103,6,16.67
22224,Sweden,3/17/2020,1190,7,16.67
22225,Sweden,3/18/2020,1279,10,20.37
22226,Sweden,3/19/2020,1439,11,28.7
22227,Sweden,3/20/2020,1639,16,28.7
22228,Sweden,3/21/2020,1763,20,28.7
22229,Sweden,3/22/2020,1934,21,28.7
22230,Sweden,3/23/2020,2046,25,28.7
22231,Sweden,3/24/2020,2286,36,28.7
22232,Sweden,3/25/2020,2526,62,32.41
22233,Sweden,3/26/2020,2840,77,32.41
22234,Sweden,3/27/2020,3069,105,32.41
22235,Sweden,3/28/2020,3447,105,32.41
22236,Sweden,3/29/2020,3700,110,32.41
22237,Sweden,3/30/2020,4028,146,32.41
22238,Sweden,3/31/2020,4435,180,32.41
22239,Sweden,4/1/2020,4947,239,32.41
22240,Sweden,4/2/2020,5568,308,32.41
22241,Sweden,4/3/2020,6131,358,32.41
22242,Sweden,4/4/2020,6443,373,37.96
22243,Sweden,4/5/2020,6830,401,37.96
22244,Sweden,4/6/2020,7206,477,37.96
22245,Sweden,4/7/2020,7693,591,37.96
22246,Sweden,4/8/2020,8419,687,37.96
22247,Sweden,4/9/2020,9141,793,37.96
22248,Sweden,4/10/2020,9685,870,37.96
22249,Sweden,4/11/2020,10151,887,37.96
22250,Sweden,4/12/2020,10483,899,37.96
22251,Sweden,4/13/2020,10948,919,37.96
22252,Sweden,4/14/2020,11445,1033,37.96
22253,Sweden,4/15/2020,11927,1203,37.96
22254,Sweden,4/16/2020,12540,1333,37.96
22255,Sweden,4/17/2020,13216,1400,37.96
22256,Sweden,4/18/2020,13822,1511,37.96
22257,Sweden,4/19/2020,14385,1540,37.96
22258,Sweden,4/20/2020,14777,1580,37.96
22259,Sweden,4/21/2020,15322,1765,37.96
22260,Sweden,4/22/2020,16004,1937,37.96
22261,Sweden,4/23/2020,16755,2021,37.96
22262,Sweden,4/24/2020,17567,2152,40.74
22263,Sweden,4/25/2020,18177,2192,40.74
22264,Sweden,4/26/2020,18640,2194,40.74
22265,Sweden,4/27/2020,18926,2274,40.74
22266,Sweden,4/28/2020,19621,2355,40.74
22267,Sweden,4/29/2020,20302,2462,40.74
22268,Sweden,4/30/2020,21092,2586,40.74
22269,Sweden,5/1/2020,21520,2653,40.74
22270,Sweden,5/2/2020,22082,2669,40.74
22271,Sweden,5/3/2020,22317,2679,40.74
22272,Sweden,5/4/2020,22721,2769,40.74
22273,Sweden,5/5/2020,23216,2854,40.74
22274,Sweden,5/6/2020,23918,2941,40.74
22275,Sweden,5/7/2020,24623,3040,40.74
22276,Sweden,5/8/2020,25265,3175,40.74
22277,Sweden,5/9/2020,25921,3220,40.74
22278,Sweden,5/10/2020,26322,3225,40.74
22279,Sweden,5/11/2020,26670,3256,40.74
22280,Sweden,5/12/2020,27272,3313,40.74
22281,Sweden,5/13/2020,27909,3460,40.74
22282,Sweden,5/14/2020,28582,3529,40.74
22283,Sweden,5/15/2020,29207,3646,40.74
22284,Sweden,5/16/2020,29677,3674,40.74
22285,Sweden,5/17/2020,30143,3679,40.74
22286,Sweden,5/18/2020,30377,3698,40.74
22287,Sweden,5/19/2020,30799,3743,40.74
22288,Sweden,5/20/2020,31523,3831,40.74
22289,Sweden,5/21/2020,32172,3871,40.74
22290,Sweden,5/22/2020,32809,3925,40.74
22291,Sweden,5/23/2020,33188,3992,40.74
22292,Sweden,5/24/2020,33459,3998,40.74
22293,Sweden,5/25/2020,33843,4029,40.74
22294,Sweden,5/26/2020,34440,4125,40.74
22295,Sweden,5/27/2020,35088,4220,40.74
22296,Sweden,5/28/2020,35727,4266,40.74
22297,Sweden,5/29/2020,36476,4350,40.74
22298,Sweden,5/30/2020,37113,4395,40.74
22299,Sweden,5/31/2020,37542,4395,40.74
